<appwizard>
	<introduction>
		<name>PHP微信快速开发框架(LaneWeChat)</name>
		<author>Lane</author>
		<icon>images/logo.jpg</icon>
		<homepage>http://www.lanecn.com/</homepage>
		<description>
		<![CDATA[
		<p>LaneWeChat是PHP微信快速开发框架，以SDK的形式存在，作为第三方代码包嵌入应用项目中，实现极速开发微信公众号的功能。</p>
		<p>我们封装了微信公众号开发手册中的全部功能，开发者只需要简单的调用我们封装好的类中方法即可，完善而有简练的手册，让您5分钟入门，10分钟全部掌握</p>
		<p>本项目完全开源，代码维护在GitHub。</p>
		<p>目前已有奇虎360，中国联通，以及多家创业公司使用。</p>
		<p><a href="http://www.lanecn.com/article/main/aid-65">官网手册传送门</a></p>
		         ]]>
		</description>
	</introduction>
	<platform>
        <services>
            <service>Mysql</service>
        </services>
        <appconfig>
            <tpl>
                <![CDATA[
                    name: <<appname>>
                    version: <<version>>
                ]]>
            </tpl>
        </appconfig>
    </platform>
	<code>
		<initScript>install.php</initScript>
	</code>
</appwizard>